"organism","site","count","section","zone"
"yellow_sponge","1L",0,"1","L"
"yellow_sponge","1M",0,"1","M"
"yellow_sponge","1U",0,"1","U"
"yellow_sponge","2L",2,"2","L"
"yellow_sponge","2M",0,"2","M"
"yellow_sponge","2U",0,"2","U"
"yellow_sponge","3L",1,"3","L"
"yellow_sponge","3M",0,"3","M"
"yellow_sponge","3U",0,"3","U"
"yellow_sponge","4L",0,"4","L"
"yellow_sponge","4M",0,"4","M"
"yellow_sponge","4U",0,"4","U"
"yellow_sponge","5L",1,"5","L"
"yellow_sponge","5M",0,"5","M"
"yellow_sponge","5U",0,"5","U"
"yellow_sponge","6L",1,"6","L"
"yellow_sponge","6M",0,"6","M"
"yellow_sponge","6U",0,"6","U"
"yellow_sponge","7L",3,"7","L"
"yellow_sponge","7M",0,"7","M"
"yellow_sponge","7U",0,"7","U"
"yellow_sponge","8L",1,"8","L"
"yellow_sponge","8M",0,"8","M"
"yellow_sponge","8U",0,"8","U"
"orange_sponge","1L",6,"1","L"
"orange_sponge","1M",0,"1","M"
"orange_sponge","1U",0,"1","U"
"orange_sponge","2L",14,"2","L"
"orange_sponge","2M",0,"2","M"
"orange_sponge","2U",0,"2","U"
"orange_sponge","3L",0,"3","L"
"orange_sponge","3M",1,"3","M"
"orange_sponge","3U",0,"3","U"
"orange_sponge","4L",8,"4","L"
"orange_sponge","4M",4,"4","M"
"orange_sponge","4U",0,"4","U"
"orange_sponge","5L",12,"5","L"
"orange_sponge","5M",0,"5","M"
"orange_sponge","5U",0,"5","U"
"orange_sponge","6L",12,"6","L"
"orange_sponge","6M",0,"6","M"
"orange_sponge","6U",0,"6","U"
"orange_sponge","7L",0,"7","L"
"orange_sponge","7M",0,"7","M"
"orange_sponge","7U",0,"7","U"
"orange_sponge","8L",1,"8","L"
"orange_sponge","8M",0,"8","M"
"orange_sponge","8U",0,"8","U"
"red_sponge","1L",0,"1","L"
"red_sponge","1M",0,"1","M"
"red_sponge","1U",0,"1","U"
"red_sponge","2L",10,"2","L"
"red_sponge","2M",1,"2","M"
"red_sponge","2U",0,"2","U"
"red_sponge","3L",1,"3","L"
"red_sponge","3M",1,"3","M"
"red_sponge","3U",0,"3","U"
"red_sponge","4L",0,"4","L"
"red_sponge","4M",0,"4","M"
"red_sponge","4U",0,"4","U"
"red_sponge","5L",3,"5","L"
"red_sponge","5M",1,"5","M"
"red_sponge","5U",0,"5","U"
"red_sponge","6L",0,"6","L"
"red_sponge","6M",0,"6","M"
"red_sponge","6U",0,"6","U"
"red_sponge","7L",1,"7","L"
"red_sponge","7M",0,"7","M"
"red_sponge","7U",0,"7","U"
"red_sponge","8L",0,"8","L"
"red_sponge","8M",0,"8","M"
"red_sponge","8U",0,"8","U"
"unknown_other_porifera","1L",4,"1","L"
"unknown_other_porifera","1M",1,"1","M"
"unknown_other_porifera","1U",0,"1","U"
"unknown_other_porifera","2L",2,"2","L"
"unknown_other_porifera","2M",2,"2","M"
"unknown_other_porifera","2U",0,"2","U"
"unknown_other_porifera","3L",0,"3","L"
"unknown_other_porifera","3M",0,"3","M"
"unknown_other_porifera","3U",0,"3","U"
"unknown_other_porifera","4L",2,"4","L"
"unknown_other_porifera","4M",0,"4","M"
"unknown_other_porifera","4U",0,"4","U"
"unknown_other_porifera","5L",2,"5","L"
"unknown_other_porifera","5M",0,"5","M"
"unknown_other_porifera","5U",0,"5","U"
"unknown_other_porifera","6L",4,"6","L"
"unknown_other_porifera","6M",0,"6","M"
"unknown_other_porifera","6U",0,"6","U"
"unknown_other_porifera","7L",2,"7","L"
"unknown_other_porifera","7M",0,"7","M"
"unknown_other_porifera","7U",0,"7","U"
"unknown_other_porifera","8L",0,"8","L"
"unknown_other_porifera","8M",0,"8","M"
"unknown_other_porifera","8U",0,"8","U"
"anemone","1L",4,"1","L"
"anemone","1M",1,"1","M"
"anemone","1U",0,"1","U"
"anemone","2L",0,"2","L"
"anemone","2M",1,"2","M"
"anemone","2U",0,"2","U"
"anemone","3L",0,"3","L"
"anemone","3M",2,"3","M"
"anemone","3U",0,"3","U"
"anemone","4L",2,"4","L"
"anemone","4M",2,"4","M"
"anemone","4U",0,"4","U"
"anemone","5L",0,"5","L"
"anemone","5M",0,"5","M"
"anemone","5U",0,"5","U"
"anemone","6L",5,"6","L"
"anemone","6M",1,"6","M"
"anemone","6U",5,"6","U"
"anemone","7L",0,"7","L"
"anemone","7M",0,"7","M"
"anemone","7U",0,"7","U"
"anemone","8L",0,"8","L"
"anemone","8M",0,"8","M"
"anemone","8U",0,"8","U"
"aggregating.anemone","1L",0,"1","L"
"aggregating.anemone","1M",0,"1","M"
"aggregating.anemone","1U",0,"1","U"
"aggregating.anemone","2L",0,"2","L"
"aggregating.anemone","2M",0,"2","M"
"aggregating.anemone","2U",0,"2","U"
"aggregating.anemone","3L",0,"3","L"
"aggregating.anemone","3M",0,"3","M"
"aggregating.anemone","3U",0,"3","U"
"aggregating.anemone","4L",0,"4","L"
"aggregating.anemone","4M",0,"4","M"
"aggregating.anemone","4U",0,"4","U"
"aggregating.anemone","5L",0,"5","L"
"aggregating.anemone","5M",0,"5","M"
"aggregating.anemone","5U",0,"5","U"
"aggregating.anemone","6L",0,"6","L"
"aggregating.anemone","6M",0,"6","M"
"aggregating.anemone","6U",3,"6","U"
"aggregating.anemone","7L",0,"7","L"
"aggregating.anemone","7M",0,"7","M"
"aggregating.anemone","7U",0,"7","U"
"aggregating.anemone","8L",0,"8","L"
"aggregating.anemone","8M",0,"8","M"
"aggregating.anemone","8U",0,"8","U"
"purple.encrusting.hydrocoral","1L",0,"1","L"
"purple.encrusting.hydrocoral","1M",0,"1","M"
"purple.encrusting.hydrocoral","1U",0,"1","U"
"purple.encrusting.hydrocoral","2L",0,"2","L"
"purple.encrusting.hydrocoral","2M",0,"2","M"
"purple.encrusting.hydrocoral","2U",0,"2","U"
"purple.encrusting.hydrocoral","3L",0,"3","L"
"purple.encrusting.hydrocoral","3M",0,"3","M"
"purple.encrusting.hydrocoral","3U",0,"3","U"
"purple.encrusting.hydrocoral","4L",0,"4","L"
"purple.encrusting.hydrocoral","4M",0,"4","M"
"purple.encrusting.hydrocoral","4U",0,"4","U"
"purple.encrusting.hydrocoral","5L",0,"5","L"
"purple.encrusting.hydrocoral","5M",0,"5","M"
"purple.encrusting.hydrocoral","5U",0,"5","U"
"purple.encrusting.hydrocoral","6L",0,"6","L"
"purple.encrusting.hydrocoral","6M",0,"6","M"
"purple.encrusting.hydrocoral","6U",0,"6","U"
"purple.encrusting.hydrocoral","7L",0,"7","L"
"purple.encrusting.hydrocoral","7M",0,"7","M"
"purple.encrusting.hydrocoral","7U",0,"7","U"
"purple.encrusting.hydrocoral","8L",0,"8","L"
"purple.encrusting.hydrocoral","8M",0,"8","M"
"purple.encrusting.hydrocoral","8U",0,"8","U"
"hydroid","1L",0,"1","L"
"hydroid","1M",0,"1","M"
"hydroid","1U",0,"1","U"
"hydroid","2L",0,"2","L"
"hydroid","2M",0,"2","M"
"hydroid","2U",0,"2","U"
"hydroid","3L",0,"3","L"
"hydroid","3M",0,"3","M"
"hydroid","3U",0,"3","U"
"hydroid","4L",0,"4","L"
"hydroid","4M",0,"4","M"
"hydroid","4U",0,"4","U"
"hydroid","5L",0,"5","L"
"hydroid","5M",0,"5","M"
"hydroid","5U",0,"5","U"
"hydroid","6L",0,"6","L"
"hydroid","6M",0,"6","M"
"hydroid","6U",0,"6","U"
"hydroid","7L",0,"7","L"
"hydroid","7M",0,"7","M"
"hydroid","7U",0,"7","U"
"hydroid","8L",0,"8","L"
"hydroid","8M",0,"8","M"
"hydroid","8U",0,"8","U"
"pacific.sea.nettle","1L",0,"1","L"
"pacific.sea.nettle","1M",0,"1","M"
"pacific.sea.nettle","1U",0,"1","U"
"pacific.sea.nettle","2L",0,"2","L"
"pacific.sea.nettle","2M",0,"2","M"
"pacific.sea.nettle","2U",0,"2","U"
"pacific.sea.nettle","3L",0,"3","L"
"pacific.sea.nettle","3M",0,"3","M"
"pacific.sea.nettle","3U",0,"3","U"
"pacific.sea.nettle","4L",0,"4","L"
"pacific.sea.nettle","4M",0,"4","M"
"pacific.sea.nettle","4U",0,"4","U"
"pacific.sea.nettle","5L",0,"5","L"
"pacific.sea.nettle","5M",0,"5","M"
"pacific.sea.nettle","5U",0,"5","U"
"pacific.sea.nettle","6L",0,"6","L"
"pacific.sea.nettle","6M",0,"6","M"
"pacific.sea.nettle","6U",0,"6","U"
"pacific.sea.nettle","7L",0,"7","L"
"pacific.sea.nettle","7M",0,"7","M"
"pacific.sea.nettle","7U",0,"7","U"
"pacific.sea.nettle","8L",0,"8","L"
"pacific.sea.nettle","8M",0,"8","M"
"pacific.sea.nettle","8U",0,"8","U"
"lions.mane","1L",0,"1","L"
"lions.mane","1M",0,"1","M"
"lions.mane","1U",0,"1","U"
"lions.mane","2L",0,"2","L"
"lions.mane","2M",0,"2","M"
"lions.mane","2U",0,"2","U"
"lions.mane","3L",0,"3","L"
"lions.mane","3M",0,"3","M"
"lions.mane","3U",0,"3","U"
"lions.mane","4L",0,"4","L"
"lions.mane","4M",0,"4","M"
"lions.mane","4U",0,"4","U"
"lions.mane","5L",0,"5","L"
"lions.mane","5M",0,"5","M"
"lions.mane","5U",0,"5","U"
"lions.mane","6L",0,"6","L"
"lions.mane","6M",0,"6","M"
"lions.mane","6U",0,"6","U"
"lions.mane","7L",0,"7","L"
"lions.mane","7M",0,"7","M"
"lions.mane","7U",0,"7","U"
"lions.mane","8L",0,"8","L"
"lions.mane","8M",0,"8","M"
"lions.mane","8U",0,"8","U"
"moon_jelly","1L",0,"1","L"
"moon_jelly","1M",0,"1","M"
"moon_jelly","1U",0,"1","U"
"moon_jelly","2L",0,"2","L"
"moon_jelly","2M",0,"2","M"
"moon_jelly","2U",0,"2","U"
"moon_jelly","3L",0,"3","L"
"moon_jelly","3M",0,"3","M"
"moon_jelly","3U",0,"3","U"
"moon_jelly","4L",0,"4","L"
"moon_jelly","4M",0,"4","M"
"moon_jelly","4U",0,"4","U"
"moon_jelly","5L",0,"5","L"
"moon_jelly","5M",0,"5","M"
"moon_jelly","5U",0,"5","U"
"moon_jelly","6L",0,"6","L"
"moon_jelly","6M",0,"6","M"
"moon_jelly","6U",0,"6","U"
"moon_jelly","7L",0,"7","L"
"moon_jelly","7M",0,"7","M"
"moon_jelly","7U",0,"7","U"
"moon_jelly","8L",0,"8","L"
"moon_jelly","8M",0,"8","M"
"moon_jelly","8U",0,"8","U"
"egg_jelly","1L",0,"1","L"
"egg_jelly","1M",0,"1","M"
"egg_jelly","1U",0,"1","U"
"egg_jelly","2L",0,"2","L"
"egg_jelly","2M",0,"2","M"
"egg_jelly","2U",0,"2","U"
"egg_jelly","3L",0,"3","L"
"egg_jelly","3M",0,"3","M"
"egg_jelly","3U",0,"3","U"
"egg_jelly","4L",0,"4","L"
"egg_jelly","4M",0,"4","M"
"egg_jelly","4U",0,"4","U"
"egg_jelly","5L",0,"5","L"
"egg_jelly","5M",0,"5","M"
"egg_jelly","5U",0,"5","U"
"egg_jelly","6L",0,"6","L"
"egg_jelly","6M",0,"6","M"
"egg_jelly","6U",0,"6","U"
"egg_jelly","7L",0,"7","L"
"egg_jelly","7M",0,"7","M"
"egg_jelly","7U",0,"7","U"
"egg_jelly","8L",0,"8","L"
"egg_jelly","8M",0,"8","M"
"egg_jelly","8U",0,"8","U"
"flat_worm","1L",0,"1","L"
"flat_worm","1M",0,"1","M"
"flat_worm","1U",0,"1","U"
"flat_worm","2L",0,"2","L"
"flat_worm","2M",0,"2","M"
"flat_worm","2U",0,"2","U"
"flat_worm","3L",0,"3","L"
"flat_worm","3M",0,"3","M"
"flat_worm","3U",0,"3","U"
"flat_worm","4L",0,"4","L"
"flat_worm","4M",0,"4","M"
"flat_worm","4U",0,"4","U"
"flat_worm","5L",0,"5","L"
"flat_worm","5M",0,"5","M"
"flat_worm","5U",0,"5","U"
"flat_worm","6L",0,"6","L"
"flat_worm","6M",0,"6","M"
"flat_worm","6U",0,"6","U"
"flat_worm","7L",0,"7","L"
"flat_worm","7M",0,"7","M"
"flat_worm","7U",0,"7","U"
"flat_worm","8L",0,"8","L"
"flat_worm","8M",0,"8","M"
"flat_worm","8U",0,"8","U"
"nonsegmented_worm","1L",0,"1","L"
"nonsegmented_worm","1M",0,"1","M"
"nonsegmented_worm","1U",0,"1","U"
"nonsegmented_worm","2L",0,"2","L"
"nonsegmented_worm","2M",0,"2","M"
"nonsegmented_worm","2U",0,"2","U"
"nonsegmented_worm","3L",2,"3","L"
"nonsegmented_worm","3M",0,"3","M"
"nonsegmented_worm","3U",0,"3","U"
"nonsegmented_worm","4L",4,"4","L"
"nonsegmented_worm","4M",0,"4","M"
"nonsegmented_worm","4U",0,"4","U"
"nonsegmented_worm","5L",6,"5","L"
"nonsegmented_worm","5M",0,"5","M"
"nonsegmented_worm","5U",0,"5","U"
"nonsegmented_worm","6L",3,"6","L"
"nonsegmented_worm","6M",1,"6","M"
"nonsegmented_worm","6U",0,"6","U"
"nonsegmented_worm","7L",0,"7","L"
"nonsegmented_worm","7M",0,"7","M"
"nonsegmented_worm","7U",0,"7","U"
"nonsegmented_worm","8L",0,"8","L"
"nonsegmented_worm","8M",0,"8","M"
"nonsegmented_worm","8U",0,"8","U"
"segmented_worm","1L",5,"1","L"
"segmented_worm","1M",5,"1","M"
"segmented_worm","1U",0,"1","U"
"segmented_worm","2L",4,"2","L"
"segmented_worm","2M",3,"2","M"
"segmented_worm","2U",0,"2","U"
"segmented_worm","3L",2,"3","L"
"segmented_worm","3M",1,"3","M"
"segmented_worm","3U",0,"3","U"
"segmented_worm","4L",6,"4","L"
"segmented_worm","4M",2,"4","M"
"segmented_worm","4U",0,"4","U"
"segmented_worm","5L",40,"5","L"
"segmented_worm","5M",0,"5","M"
"segmented_worm","5U",0,"5","U"
"segmented_worm","6L",3,"6","L"
"segmented_worm","6M",1,"6","M"
"segmented_worm","6U",0,"6","U"
"segmented_worm","7L",5,"7","L"
"segmented_worm","7M",3,"7","M"
"segmented_worm","7U",0,"7","U"
"segmented_worm","8L",8,"8","L"
"segmented_worm","8M",1,"8","M"
"segmented_worm","8U",5,"8","U"
"tubeworm","1L",22,"1","L"
"tubeworm","1M",0,"1","M"
"tubeworm","1U",0,"1","U"
"tubeworm","2L",8,"2","L"
"tubeworm","2M",5,"2","M"
"tubeworm","2U",0,"2","U"
"tubeworm","3L",7,"3","L"
"tubeworm","3M",1,"3","M"
"tubeworm","3U",0,"3","U"
"tubeworm","4L",29,"4","L"
"tubeworm","4M",0,"4","M"
"tubeworm","4U",0,"4","U"
"tubeworm","5L",41,"5","L"
"tubeworm","5M",0,"5","M"
"tubeworm","5U",0,"5","U"
"tubeworm","6L",3,"6","L"
"tubeworm","6M",0,"6","M"
"tubeworm","6U",0,"6","U"
"tubeworm","7L",4,"7","L"
"tubeworm","7M",6,"7","M"
"tubeworm","7U",0,"7","U"
"tubeworm","8L",3,"8","L"
"tubeworm","8M",5,"8","M"
"tubeworm","8U",0,"8","U"
"chiton_lined","1L",6,"1","L"
"chiton_lined","1M",0,"1","M"
"chiton_lined","1U",0,"1","U"
"chiton_lined","2L",16,"2","L"
"chiton_lined","2M",4,"2","M"
"chiton_lined","2U",0,"2","U"
"chiton_lined","3L",6,"3","L"
"chiton_lined","3M",8,"3","M"
"chiton_lined","3U",0,"3","U"
"chiton_lined","4L",19,"4","L"
"chiton_lined","4M",10,"4","M"
"chiton_lined","4U",0,"4","U"
"chiton_lined","5L",3,"5","L"
"chiton_lined","5M",2,"5","M"
"chiton_lined","5U",0,"5","U"
"chiton_lined","6L",7,"6","L"
"chiton_lined","6M",10,"6","M"
"chiton_lined","6U",0,"6","U"
"chiton_lined","7L",1,"7","L"
"chiton_lined","7M",0,"7","M"
"chiton_lined","7U",0,"7","U"
"chiton_lined","8L",6,"8","L"
"chiton_lined","8M",2,"8","M"
"chiton_lined","8U",1,"8","U"
"chiton_mossy","1L",3,"1","L"
"chiton_mossy","1M",1,"1","M"
"chiton_mossy","1U",0,"1","U"
"chiton_mossy","2L",0,"2","L"
"chiton_mossy","2M",5,"2","M"
"chiton_mossy","2U",0,"2","U"
"chiton_mossy","3L",0,"3","L"
"chiton_mossy","3M",5,"3","M"
"chiton_mossy","3U",0,"3","U"
"chiton_mossy","4L",1,"4","L"
"chiton_mossy","4M",4,"4","M"
"chiton_mossy","4U",0,"4","U"
"chiton_mossy","5L",0,"5","L"
"chiton_mossy","5M",1,"5","M"
"chiton_mossy","5U",0,"5","U"
"chiton_mossy","6L",4,"6","L"
"chiton_mossy","6M",13,"6","M"
"chiton_mossy","6U",10,"6","U"
"chiton_mossy","7L",6,"7","L"
"chiton_mossy","7M",9,"7","M"
"chiton_mossy","7U",0,"7","U"
"chiton_mossy","8L",3,"8","L"
"chiton_mossy","8M",1,"8","M"
"chiton_mossy","8U",4,"8","U"
"chiton_hairy","1L",4,"1","L"
"chiton_hairy","1M",3,"1","M"
"chiton_hairy","1U",0,"1","U"
"chiton_hairy","2L",1,"2","L"
"chiton_hairy","2M",10,"2","M"
"chiton_hairy","2U",0,"2","U"
"chiton_hairy","3L",0,"3","L"
"chiton_hairy","3M",3,"3","M"
"chiton_hairy","3U",0,"3","U"
"chiton_hairy","4L",0,"4","L"
"chiton_hairy","4M",2,"4","M"
"chiton_hairy","4U",1,"4","U"
"chiton_hairy","5L",0,"5","L"
"chiton_hairy","5M",0,"5","M"
"chiton_hairy","5U",0,"5","U"
"chiton_hairy","6L",1,"6","L"
"chiton_hairy","6M",1,"6","M"
"chiton_hairy","6U",2,"6","U"
"chiton_hairy","7L",0,"7","L"
"chiton_hairy","7M",0,"7","M"
"chiton_hairy","7U",0,"7","U"
"chiton_hairy","8L",0,"8","L"
"chiton_hairy","8M",2,"8","M"
"chiton_hairy","8U",1,"8","U"
"chiton_leather","1L",0,"1","L"
"chiton_leather","1M",0,"1","M"
"chiton_leather","1U",0,"1","U"
"chiton_leather","2L",0,"2","L"
"chiton_leather","2M",4,"2","M"
"chiton_leather","2U",0,"2","U"
"chiton_leather","3L",0,"3","L"
"chiton_leather","3M",2,"3","M"
"chiton_leather","3U",0,"3","U"
"chiton_leather","4L",0,"4","L"
"chiton_leather","4M",2,"4","M"
"chiton_leather","4U",0,"4","U"
"chiton_leather","5L",0,"5","L"
"chiton_leather","5M",1,"5","M"
"chiton_leather","5U",0,"5","U"
"chiton_leather","6L",0,"6","L"
"chiton_leather","6M",1,"6","M"
"chiton_leather","6U",4,"6","U"
"chiton_leather","7L",0,"7","L"
"chiton_leather","7M",1,"7","M"
"chiton_leather","7U",0,"7","U"
"chiton_leather","8L",0,"8","L"
"chiton_leather","8M",0,"8","M"
"chiton_leather","8U",0,"8","U"
"limpet","1L",5,"1","L"
"limpet","1M",50,"1","M"
"limpet","1U",28,"1","U"
"limpet","2L",6,"2","L"
"limpet","2M",164,"2","M"
"limpet","2U",81,"2","U"
"limpet","3L",36,"3","L"
"limpet","3M",93,"3","M"
"limpet","3U",33,"3","U"
"limpet","4L",10,"4","L"
"limpet","4M",117,"4","M"
"limpet","4U",3,"4","U"
"limpet","5L",0,"5","L"
"limpet","5M",27,"5","M"
"limpet","5U",26,"5","U"
"limpet","6L",5,"6","L"
"limpet","6M",88,"6","M"
"limpet","6U",4,"6","U"
"limpet","7L",51,"7","L"
"limpet","7M",155,"7","M"
"limpet","7U",25,"7","U"
"limpet","8L",19,"8","L"
"limpet","8M",27,"8","M"
"limpet","8U",171,"8","U"
"topsnail","1L",1,"1","L"
"topsnail","1M",0,"1","M"
"topsnail","1U",0,"1","U"
"topsnail","2L",19,"2","L"
"topsnail","2M",0,"2","M"
"topsnail","2U",0,"2","U"
"topsnail","3L",23,"3","L"
"topsnail","3M",2,"3","M"
"topsnail","3U",0,"3","U"
"topsnail","4L",54,"4","L"
"topsnail","4M",10,"4","M"
"topsnail","4U",14,"4","U"
"topsnail","5L",0,"5","L"
"topsnail","5M",3,"5","M"
"topsnail","5U",0,"5","U"
"topsnail","6L",0,"6","L"
"topsnail","6M",32,"6","M"
"topsnail","6U",0,"6","U"
"topsnail","7L",1,"7","L"
"topsnail","7M",1,"7","M"
"topsnail","7U",0,"7","U"
"topsnail","8L",0,"8","L"
"topsnail","8M",0,"8","M"
"topsnail","8U",0,"8","U"
"turban_snail","1L",0,"1","L"
"turban_snail","1M",0,"1","M"
"turban_snail","1U",13,"1","U"
"turban_snail","2L",0,"2","L"
"turban_snail","2M",20,"2","M"
"turban_snail","2U",0,"2","U"
"turban_snail","3L",8,"3","L"
"turban_snail","3M",0,"3","M"
"turban_snail","3U",0,"3","U"
"turban_snail","4L",11,"4","L"
"turban_snail","4M",13,"4","M"
"turban_snail","4U",0,"4","U"
"turban_snail","5L",0,"5","L"
"turban_snail","5M",38,"5","M"
"turban_snail","5U",0,"5","U"
"turban_snail","6L",0,"6","L"
"turban_snail","6M",7,"6","M"
"turban_snail","6U",1,"6","U"
"turban_snail","7L",0,"7","L"
"turban_snail","7M",0,"7","M"
"turban_snail","7U",0,"7","U"
"turban_snail","8L",0,"8","L"
"turban_snail","8M",0,"8","M"
"turban_snail","8U",0,"8","U"
"margarite","1L",0,"1","L"
"margarite","1M",0,"1","M"
"margarite","1U",0,"1","U"
"margarite","2L",0,"2","L"
"margarite","2M",0,"2","M"
"margarite","2U",0,"2","U"
"margarite","3L",0,"3","L"
"margarite","3M",0,"3","M"
"margarite","3U",0,"3","U"
"margarite","4L",0,"4","L"
"margarite","4M",0,"4","M"
"margarite","4U",0,"4","U"
"margarite","5L",0,"5","L"
"margarite","5M",0,"5","M"
"margarite","5U",0,"5","U"
"margarite","6L",0,"6","L"
"margarite","6M",0,"6","M"
"margarite","6U",0,"6","U"
"margarite","7L",0,"7","L"
"margarite","7M",0,"7","M"
"margarite","7U",0,"7","U"
"margarite","8L",0,"8","L"
"margarite","8M",0,"8","M"
"margarite","8U",0,"8","U"
"periwinkle","1L",0,"1","L"
"periwinkle","1M",0,"1","M"
"periwinkle","1U",0,"1","U"
"periwinkle","2L",0,"2","L"
"periwinkle","2M",0,"2","M"
"periwinkle","2U",0,"2","U"
"periwinkle","3L",0,"3","L"
"periwinkle","3M",0,"3","M"
"periwinkle","3U",0,"3","U"
"periwinkle","4L",0,"4","L"
"periwinkle","4M",0,"4","M"
"periwinkle","4U",0,"4","U"
"periwinkle","5L",0,"5","L"
"periwinkle","5M",0,"5","M"
"periwinkle","5U",0,"5","U"
"periwinkle","6L",0,"6","L"
"periwinkle","6M",0,"6","M"
"periwinkle","6U",0,"6","U"
"periwinkle","7L",0,"7","L"
"periwinkle","7M",0,"7","M"
"periwinkle","7U",0,"7","U"
"periwinkle","8L",0,"8","L"
"periwinkle","8M",0,"8","M"
"periwinkle","8U",0,"8","U"
"bittium","1L",0,"1","L"
"bittium","1M",0,"1","M"
"bittium","1U",0,"1","U"
"bittium","2L",4,"2","L"
"bittium","2M",0,"2","M"
"bittium","2U",0,"2","U"
"bittium","3L",0,"3","L"
"bittium","3M",0,"3","M"
"bittium","3U",0,"3","U"
"bittium","4L",0,"4","L"
"bittium","4M",0,"4","M"
"bittium","4U",0,"4","U"
"bittium","5L",0,"5","L"
"bittium","5M",0,"5","M"
"bittium","5U",0,"5","U"
"bittium","6L",0,"6","L"
"bittium","6M",0,"6","M"
"bittium","6U",0,"6","U"
"bittium","7L",0,"7","L"
"bittium","7M",0,"7","M"
"bittium","7U",0,"7","U"
"bittium","8L",0,"8","L"
"bittium","8M",0,"8","M"
"bittium","8U",0,"8","U"
"wentletrap","1L",0,"1","L"
"wentletrap","1M",0,"1","M"
"wentletrap","1U",0,"1","U"
"wentletrap","2L",0,"2","L"
"wentletrap","2M",0,"2","M"
"wentletrap","2U",0,"2","U"
"wentletrap","3L",0,"3","L"
"wentletrap","3M",0,"3","M"
"wentletrap","3U",0,"3","U"
"wentletrap","4L",0,"4","L"
"wentletrap","4M",0,"4","M"
"wentletrap","4U",0,"4","U"
"wentletrap","5L",0,"5","L"
"wentletrap","5M",0,"5","M"
"wentletrap","5U",0,"5","U"
"wentletrap","6L",0,"6","L"
"wentletrap","6M",0,"6","M"
"wentletrap","6U",0,"6","U"
"wentletrap","7L",0,"7","L"
"wentletrap","7M",0,"7","M"
"wentletrap","7U",0,"7","U"
"wentletrap","8L",0,"8","L"
"wentletrap","8M",0,"8","M"
"wentletrap","8U",0,"8","U"
"dogwinkle","1L",0,"1","L"
"dogwinkle","1M",12,"1","M"
"dogwinkle","1U",0,"1","U"
"dogwinkle","2L",2,"2","L"
"dogwinkle","2M",5,"2","M"
"dogwinkle","2U",0,"2","U"
"dogwinkle","3L",0,"3","L"
"dogwinkle","3M",7,"3","M"
"dogwinkle","3U",0,"3","U"
"dogwinkle","4L",6,"4","L"
"dogwinkle","4M",6,"4","M"
"dogwinkle","4U",0,"4","U"
"dogwinkle","5L",0,"5","L"
"dogwinkle","5M",0,"5","M"
"dogwinkle","5U",0,"5","U"
"dogwinkle","6L",2,"6","L"
"dogwinkle","6M",0,"6","M"
"dogwinkle","6U",0,"6","U"
"dogwinkle","7L",0,"7","L"
"dogwinkle","7M",1,"7","M"
"dogwinkle","7U",0,"7","U"
"dogwinkle","8L",0,"8","L"
"dogwinkle","8M",0,"8","M"
"dogwinkle","8U",0,"8","U"
"welk","1L",8,"1","L"
"welk","1M",3,"1","M"
"welk","1U",2,"1","U"
"welk","2L",5,"2","L"
"welk","2M",7,"2","M"
"welk","2U",0,"2","U"
"welk","3L",0,"3","L"
"welk","3M",6,"3","M"
"welk","3U",1,"3","U"
"welk","4L",1,"4","L"
"welk","4M",4,"4","M"
"welk","4U",0,"4","U"
"welk","5L",0,"5","L"
"welk","5M",0,"5","M"
"welk","5U",0,"5","U"
"welk","6L",4,"6","L"
"welk","6M",2,"6","M"
"welk","6U",0,"6","U"
"welk","7L",5,"7","L"
"welk","7M",24,"7","M"
"welk","7U",0,"7","U"
"welk","8L",9,"8","L"
"welk","8M",7,"8","M"
"welk","8U",8,"8","U"
"olive","1L",0,"1","L"
"olive","1M",0,"1","M"
"olive","1U",0,"1","U"
"olive","2L",0,"2","L"
"olive","2M",0,"2","M"
"olive","2U",0,"2","U"
"olive","3L",0,"3","L"
"olive","3M",0,"3","M"
"olive","3U",0,"3","U"
"olive","4L",0,"4","L"
"olive","4M",0,"4","M"
"olive","4U",0,"4","U"
"olive","5L",0,"5","L"
"olive","5M",0,"5","M"
"olive","5U",0,"5","U"
"olive","6L",0,"6","L"
"olive","6M",0,"6","M"
"olive","6U",0,"6","U"
"olive","7L",0,"7","L"
"olive","7M",0,"7","M"
"olive","7U",0,"7","U"
"olive","8L",0,"8","L"
"olive","8M",0,"8","M"
"olive","8U",0,"8","U"
"other_unknown_gastropoda","1L",9,"1","L"
"other_unknown_gastropoda","1M",4,"1","M"
"other_unknown_gastropoda","1U",0,"1","U"
"other_unknown_gastropoda","2L",13,"2","L"
"other_unknown_gastropoda","2M",20,"2","M"
"other_unknown_gastropoda","2U",0,"2","U"
"other_unknown_gastropoda","3L",5,"3","L"
"other_unknown_gastropoda","3M",7,"3","M"
"other_unknown_gastropoda","3U",0,"3","U"
"other_unknown_gastropoda","4L",0,"4","L"
"other_unknown_gastropoda","4M",2,"4","M"
"other_unknown_gastropoda","4U",0,"4","U"
"other_unknown_gastropoda","5L",0,"5","L"
"other_unknown_gastropoda","5M",0,"5","M"
"other_unknown_gastropoda","5U",0,"5","U"
"other_unknown_gastropoda","6L",0,"6","L"
"other_unknown_gastropoda","6M",7,"6","M"
"other_unknown_gastropoda","6U",3,"6","U"
"other_unknown_gastropoda","7L",7,"7","L"
"other_unknown_gastropoda","7M",50,"7","M"
"other_unknown_gastropoda","7U",0,"7","U"
"other_unknown_gastropoda","8L",4,"8","L"
"other_unknown_gastropoda","8M",0,"8","M"
"other_unknown_gastropoda","8U",4,"8","U"
"sea_clown","1L",0,"1","L"
"sea_clown","1M",0,"1","M"
"sea_clown","1U",0,"1","U"
"sea_clown","2L",0,"2","L"
"sea_clown","2M",0,"2","M"
"sea_clown","2U",0,"2","U"
"sea_clown","3L",0,"3","L"
"sea_clown","3M",0,"3","M"
"sea_clown","3U",0,"3","U"
"sea_clown","4L",0,"4","L"
"sea_clown","4M",0,"4","M"
"sea_clown","4U",0,"4","U"
"sea_clown","5L",2,"5","L"
"sea_clown","5M",0,"5","M"
"sea_clown","5U",0,"5","U"
"sea_clown","6L",0,"6","L"
"sea_clown","6M",0,"6","M"
"sea_clown","6U",0,"6","U"
"sea_clown","7L",0,"7","L"
"sea_clown","7M",0,"7","M"
"sea_clown","7U",0,"7","U"
"sea_clown","8L",0,"8","L"
"sea_clown","8M",0,"8","M"
"sea_clown","8U",0,"8","U"
"dorid","1L",0,"1","L"
"dorid","1M",0,"1","M"
"dorid","1U",0,"1","U"
"dorid","2L",0,"2","L"
"dorid","2M",0,"2","M"
"dorid","2U",0,"2","U"
"dorid","3L",0,"3","L"
"dorid","3M",0,"3","M"
"dorid","3U",0,"3","U"
"dorid","4L",0,"4","L"
"dorid","4M",0,"4","M"
"dorid","4U",0,"4","U"
"dorid","5L",0,"5","L"
"dorid","5M",0,"5","M"
"dorid","5U",0,"5","U"
"dorid","6L",0,"6","L"
"dorid","6M",0,"6","M"
"dorid","6U",0,"6","U"
"dorid","7L",0,"7","L"
"dorid","7M",0,"7","M"
"dorid","7U",0,"7","U"
"dorid","8L",2,"8","L"
"dorid","8M",0,"8","M"
"dorid","8U",0,"8","U"
"sea_lemon","1L",0,"1","L"
"sea_lemon","1M",0,"1","M"
"sea_lemon","1U",0,"1","U"
"sea_lemon","2L",0,"2","L"
"sea_lemon","2M",0,"2","M"
"sea_lemon","2U",0,"2","U"
"sea_lemon","3L",0,"3","L"
"sea_lemon","3M",1,"3","M"
"sea_lemon","3U",0,"3","U"
"sea_lemon","4L",0,"4","L"
"sea_lemon","4M",0,"4","M"
"sea_lemon","4U",0,"4","U"
"sea_lemon","5L",1,"5","L"
"sea_lemon","5M",0,"5","M"
"sea_lemon","5U",0,"5","U"
"sea_lemon","6L",1,"6","L"
"sea_lemon","6M",0,"6","M"
"sea_lemon","6U",0,"6","U"
"sea_lemon","7L",0,"7","L"
"sea_lemon","7M",0,"7","M"
"sea_lemon","7U",0,"7","U"
"sea_lemon","8L",0,"8","L"
"sea_lemon","8M",0,"8","M"
"sea_lemon","8U",0,"8","U"
"other_unknown_opisthobranchia","1L",0,"1","L"
"other_unknown_opisthobranchia","1M",0,"1","M"
"other_unknown_opisthobranchia","1U",0,"1","U"
"other_unknown_opisthobranchia","2L",0,"2","L"
"other_unknown_opisthobranchia","2M",1,"2","M"
"other_unknown_opisthobranchia","2U",0,"2","U"
"other_unknown_opisthobranchia","3L",0,"3","L"
"other_unknown_opisthobranchia","3M",0,"3","M"
"other_unknown_opisthobranchia","3U",0,"3","U"
"other_unknown_opisthobranchia","4L",0,"4","L"
"other_unknown_opisthobranchia","4M",0,"4","M"
"other_unknown_opisthobranchia","4U",0,"4","U"
"other_unknown_opisthobranchia","5L",1,"5","L"
"other_unknown_opisthobranchia","5M",0,"5","M"
"other_unknown_opisthobranchia","5U",0,"5","U"
"other_unknown_opisthobranchia","6L",0,"6","L"
"other_unknown_opisthobranchia","6M",0,"6","M"
"other_unknown_opisthobranchia","6U",0,"6","U"
"other_unknown_opisthobranchia","7L",0,"7","L"
"other_unknown_opisthobranchia","7M",0,"7","M"
"other_unknown_opisthobranchia","7U",0,"7","U"
"other_unknown_opisthobranchia","8L",0,"8","L"
"other_unknown_opisthobranchia","8M",0,"8","M"
"other_unknown_opisthobranchia","8U",0,"8","U"
"mussel","1L",0,"1","L"
"mussel","1M",4,"1","M"
"mussel","1U",0,"1","U"
"mussel","2L",0,"2","L"
"mussel","2M",0,"2","M"
"mussel","2U",0,"2","U"
"mussel","3L",0,"3","L"
"mussel","3M",0,"3","M"
"mussel","3U",0,"3","U"
"mussel","4L",0,"4","L"
"mussel","4M",8,"4","M"
"mussel","4U",0,"4","U"
"mussel","5L",0,"5","L"
"mussel","5M",0,"5","M"
"mussel","5U",0,"5","U"
"mussel","6L",0,"6","L"
"mussel","6M",6,"6","M"
"mussel","6U",5,"6","U"
"mussel","7L",3,"7","L"
"mussel","7M",6,"7","M"
"mussel","7U",1,"7","U"
"mussel","8L",0,"8","L"
"mussel","8M",0,"8","M"
"mussel","8U",12,"8","U"
"oyster","1L",7,"1","L"
"oyster","1M",1,"1","M"
"oyster","1U",0,"1","U"
"oyster","2L",8,"2","L"
"oyster","2M",8,"2","M"
"oyster","2U",0,"2","U"
"oyster","3L",1,"3","L"
"oyster","3M",1,"3","M"
"oyster","3U",0,"3","U"
"oyster","4L",2,"4","L"
"oyster","4M",4,"4","M"
"oyster","4U",1,"4","U"
"oyster","5L",0,"5","L"
"oyster","5M",0,"5","M"
"oyster","5U",1,"5","U"
"oyster","6L",0,"6","L"
"oyster","6M",4,"6","M"
"oyster","6U",1,"6","U"
"oyster","7L",2,"7","L"
"oyster","7M",2,"7","M"
"oyster","7U",0,"7","U"
"oyster","8L",0,"8","L"
"oyster","8M",0,"8","M"
"oyster","8U",1,"8","U"
"clam","1L",3,"1","L"
"clam","1M",0,"1","M"
"clam","1U",0,"1","U"
"clam","2L",5,"2","L"
"clam","2M",2,"2","M"
"clam","2U",0,"2","U"
"clam","3L",1,"3","L"
"clam","3M",0,"3","M"
"clam","3U",0,"3","U"
"clam","4L",3,"4","L"
"clam","4M",1,"4","M"
"clam","4U",0,"4","U"
"clam","5L",5,"5","L"
"clam","5M",0,"5","M"
"clam","5U",0,"5","U"
"clam","6L",1,"6","L"
"clam","6M",1,"6","M"
"clam","6U",0,"6","U"
"clam","7L",2,"7","L"
"clam","7M",0,"7","M"
"clam","7U",0,"7","U"
"clam","8L",4,"8","L"
"clam","8M",0,"8","M"
"clam","8U",0,"8","U"
"scallop","1L",0,"1","L"
"scallop","1M",0,"1","M"
"scallop","1U",0,"1","U"
"scallop","2L",0,"2","L"
"scallop","2M",0,"2","M"
"scallop","2U",0,"2","U"
"scallop","3L",0,"3","L"
"scallop","3M",0,"3","M"
"scallop","3U",0,"3","U"
"scallop","4L",0,"4","L"
"scallop","4M",0,"4","M"
"scallop","4U",0,"4","U"
"scallop","5L",0,"5","L"
"scallop","5M",0,"5","M"
"scallop","5U",0,"5","U"
"scallop","6L",0,"6","L"
"scallop","6M",0,"6","M"
"scallop","6U",0,"6","U"
"scallop","7L",1,"7","L"
"scallop","7M",0,"7","M"
"scallop","7U",0,"7","U"
"scallop","8L",0,"8","L"
"scallop","8M",0,"8","M"
"scallop","8U",0,"8","U"
"other_unknown_bivalvia","1L",0,"1","L"
"other_unknown_bivalvia","1M",0,"1","M"
"other_unknown_bivalvia","1U",0,"1","U"
"other_unknown_bivalvia","2L",0,"2","L"
"other_unknown_bivalvia","2M",0,"2","M"
"other_unknown_bivalvia","2U",0,"2","U"
"other_unknown_bivalvia","3L",2,"3","L"
"other_unknown_bivalvia","3M",1,"3","M"
"other_unknown_bivalvia","3U",0,"3","U"
"other_unknown_bivalvia","4L",0,"4","L"
"other_unknown_bivalvia","4M",0,"4","M"
"other_unknown_bivalvia","4U",0,"4","U"
"other_unknown_bivalvia","5L",0,"5","L"
"other_unknown_bivalvia","5M",0,"5","M"
"other_unknown_bivalvia","5U",0,"5","U"
"other_unknown_bivalvia","6L",0,"6","L"
"other_unknown_bivalvia","6M",0,"6","M"
"other_unknown_bivalvia","6U",0,"6","U"
"other_unknown_bivalvia","7L",4,"7","L"
"other_unknown_bivalvia","7M",0,"7","M"
"other_unknown_bivalvia","7U",0,"7","U"
"other_unknown_bivalvia","8L",0,"8","L"
"other_unknown_bivalvia","8M",0,"8","M"
"other_unknown_bivalvia","8U",0,"8","U"
"barnacles","1L",0,"1","L"
"barnacles","1M",0,"1","M"
"barnacles","1U",0,"1","U"
"barnacles","2L",0,"2","L"
"barnacles","2M",5,"2","M"
"barnacles","2U",5,"2","U"
"barnacles","3L",0,"3","L"
"barnacles","3M",2,"3","M"
"barnacles","3U",0,"3","U"
"barnacles","4L",4,"4","L"
"barnacles","4M",1,"4","M"
"barnacles","4U",0,"4","U"
"barnacles","5L",6,"5","L"
"barnacles","5M",3,"5","M"
"barnacles","5U",0,"5","U"
"barnacles","6L",8,"6","L"
"barnacles","6M",8,"6","M"
"barnacles","6U",5,"6","U"
"barnacles","7L",0,"7","L"
"barnacles","7M",0,"7","M"
"barnacles","7U",0,"7","U"
"barnacles","8L",0,"8","L"
"barnacles","8M",0,"8","M"
"barnacles","8U",0,"8","U"
"isopods","1L",0,"1","L"
"isopods","1M",4,"1","M"
"isopods","1U",0,"1","U"
"isopods","2L",0,"2","L"
"isopods","2M",0,"2","M"
"isopods","2U",0,"2","U"
"isopods","3L",0,"3","L"
"isopods","3M",0,"3","M"
"isopods","3U",0,"3","U"
"isopods","4L",0,"4","L"
"isopods","4M",0,"4","M"
"isopods","4U",0,"4","U"
"isopods","5L",0,"5","L"
"isopods","5M",4,"5","M"
"isopods","5U",0,"5","U"
"isopods","6L",0,"6","L"
"isopods","6M",4,"6","M"
"isopods","6U",1,"6","U"
"isopods","7L",5,"7","L"
"isopods","7M",0,"7","M"
"isopods","7U",0,"7","U"
"isopods","8L",0,"8","L"
"isopods","8M",1,"8","M"
"isopods","8U",1,"8","U"
"amphipods","1L",0,"1","L"
"amphipods","1M",0,"1","M"
"amphipods","1U",0,"1","U"
"amphipods","2L",1,"2","L"
"amphipods","2M",1,"2","M"
"amphipods","2U",0,"2","U"
"amphipods","3L",4,"3","L"
"amphipods","3M",3,"3","M"
"amphipods","3U",0,"3","U"
"amphipods","4L",4,"4","L"
"amphipods","4M",0,"4","M"
"amphipods","4U",0,"4","U"
"amphipods","5L",7,"5","L"
"amphipods","5M",0,"5","M"
"amphipods","5U",0,"5","U"
"amphipods","6L",3,"6","L"
"amphipods","6M",1,"6","M"
"amphipods","6U",0,"6","U"
"amphipods","7L",4,"7","L"
"amphipods","7M",0,"7","M"
"amphipods","7U",0,"7","U"
"amphipods","8L",9,"8","L"
"amphipods","8M",0,"8","M"
"amphipods","8U",1,"8","U"
"shrimp","1L",0,"1","L"
"shrimp","1M",0,"1","M"
"shrimp","1U",0,"1","U"
"shrimp","2L",0,"2","L"
"shrimp","2M",0,"2","M"
"shrimp","2U",0,"2","U"
"shrimp","3L",0,"3","L"
"shrimp","3M",0,"3","M"
"shrimp","3U",0,"3","U"
"shrimp","4L",0,"4","L"
"shrimp","4M",2,"4","M"
"shrimp","4U",0,"4","U"
"shrimp","5L",0,"5","L"
"shrimp","5M",0,"5","M"
"shrimp","5U",0,"5","U"
"shrimp","6L",0,"6","L"
"shrimp","6M",0,"6","M"
"shrimp","6U",0,"6","U"
"shrimp","7L",0,"7","L"
"shrimp","7M",0,"7","M"
"shrimp","7U",0,"7","U"
"shrimp","8L",0,"8","L"
"shrimp","8M",0,"8","M"
"shrimp","8U",0,"8","U"
"black_clawed","1L",19,"1","L"
"black_clawed","1M",4,"1","M"
"black_clawed","1U",0,"1","U"
"black_clawed","2L",1,"2","L"
"black_clawed","2M",0,"2","M"
"black_clawed","2U",0,"2","U"
"black_clawed","3L",13,"3","L"
"black_clawed","3M",3,"3","M"
"black_clawed","3U",0,"3","U"
"black_clawed","4L",1,"4","L"
"black_clawed","4M",0,"4","M"
"black_clawed","4U",0,"4","U"
"black_clawed","5L",19,"5","L"
"black_clawed","5M",0,"5","M"
"black_clawed","5U",0,"5","U"
"black_clawed","6L",25,"6","L"
"black_clawed","6M",2,"6","M"
"black_clawed","6U",0,"6","U"
"black_clawed","7L",17,"7","L"
"black_clawed","7M",5,"7","M"
"black_clawed","7U",0,"7","U"
"black_clawed","8L",14,"8","L"
"black_clawed","8M",2,"8","M"
"black_clawed","8U",0,"8","U"
"hemigrapsus","1L",8,"1","L"
"hemigrapsus","1M",0,"1","M"
"hemigrapsus","1U",0,"1","U"
"hemigrapsus","2L",0,"2","L"
"hemigrapsus","2M",13,"2","M"
"hemigrapsus","2U",0,"2","U"
"hemigrapsus","3L",0,"3","L"
"hemigrapsus","3M",1,"3","M"
"hemigrapsus","3U",0,"3","U"
"hemigrapsus","4L",5,"4","L"
"hemigrapsus","4M",24,"4","M"
"hemigrapsus","4U",9,"4","U"
"hemigrapsus","5L",1,"5","L"
"hemigrapsus","5M",1,"5","M"
"hemigrapsus","5U",0,"5","U"
"hemigrapsus","6L",0,"6","L"
"hemigrapsus","6M",5,"6","M"
"hemigrapsus","6U",0,"6","U"
"hemigrapsus","7L",2,"7","L"
"hemigrapsus","7M",51,"7","M"
"hemigrapsus","7U",0,"7","U"
"hemigrapsus","8L",2,"8","L"
"hemigrapsus","8M",0,"8","M"
"hemigrapsus","8U",0,"8","U"
"hermit_crabs","1L",3,"1","L"
"hermit_crabs","1M",0,"1","M"
"hermit_crabs","1U",0,"1","U"
"hermit_crabs","2L",12,"2","L"
"hermit_crabs","2M",28,"2","M"
"hermit_crabs","2U",0,"2","U"
"hermit_crabs","3L",10,"3","L"
"hermit_crabs","3M",20,"3","M"
"hermit_crabs","3U",2,"3","U"
"hermit_crabs","4L",49,"4","L"
"hermit_crabs","4M",92,"4","M"
"hermit_crabs","4U",1,"4","U"
"hermit_crabs","5L",4,"5","L"
"hermit_crabs","5M",31,"5","M"
"hermit_crabs","5U",0,"5","U"
"hermit_crabs","6L",10,"6","L"
"hermit_crabs","6M",16,"6","M"
"hermit_crabs","6U",17,"6","U"
"hermit_crabs","7L",6,"7","L"
"hermit_crabs","7M",32,"7","M"
"hermit_crabs","7U",0,"7","U"
"hermit_crabs","8L",17,"8","L"
"hermit_crabs","8M",4,"8","M"
"hermit_crabs","8U",1,"8","U"
"kelp_crab","1L",1,"1","L"
"kelp_crab","1M",3,"1","M"
"kelp_crab","1U",0,"1","U"
"kelp_crab","2L",3,"2","L"
"kelp_crab","2M",0,"2","M"
"kelp_crab","2U",0,"2","U"
"kelp_crab","3L",1,"3","L"
"kelp_crab","3M",1,"3","M"
"kelp_crab","3U",0,"3","U"
"kelp_crab","4L",11,"4","L"
"kelp_crab","4M",6,"4","M"
"kelp_crab","4U",0,"4","U"
"kelp_crab","5L",3,"5","L"
"kelp_crab","5M",0,"5","M"
"kelp_crab","5U",0,"5","U"
"kelp_crab","6L",4,"6","L"
"kelp_crab","6M",0,"6","M"
"kelp_crab","6U",0,"6","U"
"kelp_crab","7L",2,"7","L"
"kelp_crab","7M",3,"7","M"
"kelp_crab","7U",0,"7","U"
"kelp_crab","8L",0,"8","L"
"kelp_crab","8M",0,"8","M"
"kelp_crab","8U",1,"8","U"
"porcelain","1L",9,"1","L"
"porcelain","1M",5,"1","M"
"porcelain","1U",0,"1","U"
"porcelain","2L",9,"2","L"
"porcelain","2M",3,"2","M"
"porcelain","2U",0,"2","U"
"porcelain","3L",1,"3","L"
"porcelain","3M",2,"3","M"
"porcelain","3U",0,"3","U"
"porcelain","4L",17,"4","L"
"porcelain","4M",0,"4","M"
"porcelain","4U",0,"4","U"
"porcelain","5L",20,"5","L"
"porcelain","5M",0,"5","M"
"porcelain","5U",0,"5","U"
"porcelain","6L",20,"6","L"
"porcelain","6M",3,"6","M"
"porcelain","6U",0,"6","U"
"porcelain","7L",51,"7","L"
"porcelain","7M",36,"7","M"
"porcelain","7U",0,"7","U"
"porcelain","8L",19,"8","L"
"porcelain","8M",39,"8","M"
"porcelain","8U",1,"8","U"
"rock_crab","1L",3,"1","L"
"rock_crab","1M",0,"1","M"
"rock_crab","1U",0,"1","U"
"rock_crab","2L",0,"2","L"
"rock_crab","2M",1,"2","M"
"rock_crab","2U",0,"2","U"
"rock_crab","3L",0,"3","L"
"rock_crab","3M",0,"3","M"
"rock_crab","3U",0,"3","U"
"rock_crab","4L",2,"4","L"
"rock_crab","4M",0,"4","M"
"rock_crab","4U",0,"4","U"
"rock_crab","5L",5,"5","L"
"rock_crab","5M",0,"5","M"
"rock_crab","5U",0,"5","U"
"rock_crab","6L",1,"6","L"
"rock_crab","6M",0,"6","M"
"rock_crab","6U",1,"6","U"
"rock_crab","7L",0,"7","L"
"rock_crab","7M",0,"7","M"
"rock_crab","7U",0,"7","U"
"rock_crab","8L",0,"8","L"
"rock_crab","8M",1,"8","M"
"rock_crab","8U",0,"8","U"
"other_unknown_decapoda","1L",0,"1","L"
"other_unknown_decapoda","1M",0,"1","M"
"other_unknown_decapoda","1U",0,"1","U"
"other_unknown_decapoda","2L",0,"2","L"
"other_unknown_decapoda","2M",0,"2","M"
"other_unknown_decapoda","2U",0,"2","U"
"other_unknown_decapoda","3L",2,"3","L"
"other_unknown_decapoda","3M",0,"3","M"
"other_unknown_decapoda","3U",0,"3","U"
"other_unknown_decapoda","4L",0,"4","L"
"other_unknown_decapoda","4M",1,"4","M"
"other_unknown_decapoda","4U",0,"4","U"
"other_unknown_decapoda","5L",1,"5","L"
"other_unknown_decapoda","5M",0,"5","M"
"other_unknown_decapoda","5U",1,"5","U"
"other_unknown_decapoda","6L",2,"6","L"
"other_unknown_decapoda","6M",5,"6","M"
"other_unknown_decapoda","6U",1,"6","U"
"other_unknown_decapoda","7L",0,"7","L"
"other_unknown_decapoda","7M",0,"7","M"
"other_unknown_decapoda","7U",4,"7","U"
"other_unknown_decapoda","8L",8,"8","L"
"other_unknown_decapoda","8M",10,"8","M"
"other_unknown_decapoda","8U",2,"8","U"
"orange_encrusting","1L",0,"1","L"
"orange_encrusting","1M",0,"1","M"
"orange_encrusting","1U",0,"1","U"
"orange_encrusting","2L",1,"2","L"
"orange_encrusting","2M",1,"2","M"
"orange_encrusting","2U",0,"2","U"
"orange_encrusting","3L",1,"3","L"
"orange_encrusting","3M",0,"3","M"
"orange_encrusting","3U",0,"3","U"
"orange_encrusting","4L",1,"4","L"
"orange_encrusting","4M",0,"4","M"
"orange_encrusting","4U",0,"4","U"
"orange_encrusting","5L",0,"5","L"
"orange_encrusting","5M",0,"5","M"
"orange_encrusting","5U",0,"5","U"
"orange_encrusting","6L",0,"6","L"
"orange_encrusting","6M",0,"6","M"
"orange_encrusting","6U",0,"6","U"
"orange_encrusting","7L",0,"7","L"
"orange_encrusting","7M",0,"7","M"
"orange_encrusting","7U",0,"7","U"
"orange_encrusting","8L",0,"8","L"
"orange_encrusting","8M",0,"8","M"
"orange_encrusting","8U",0,"8","U"
"other_unknown_bryozoa","1L",0,"1","L"
"other_unknown_bryozoa","1M",0,"1","M"
"other_unknown_bryozoa","1U",0,"1","U"
"other_unknown_bryozoa","2L",3,"2","L"
"other_unknown_bryozoa","2M",0,"2","M"
"other_unknown_bryozoa","2U",0,"2","U"
"other_unknown_bryozoa","3L",1,"3","L"
"other_unknown_bryozoa","3M",0,"3","M"
"other_unknown_bryozoa","3U",0,"3","U"
"other_unknown_bryozoa","4L",1,"4","L"
"other_unknown_bryozoa","4M",0,"4","M"
"other_unknown_bryozoa","4U",0,"4","U"
"other_unknown_bryozoa","5L",0,"5","L"
"other_unknown_bryozoa","5M",0,"5","M"
"other_unknown_bryozoa","5U",0,"5","U"
"other_unknown_bryozoa","6L",4,"6","L"
"other_unknown_bryozoa","6M",1,"6","M"
"other_unknown_bryozoa","6U",0,"6","U"
"other_unknown_bryozoa","7L",2,"7","L"
"other_unknown_bryozoa","7M",1,"7","M"
"other_unknown_bryozoa","7U",0,"7","U"
"other_unknown_bryozoa","8L",0,"8","L"
"other_unknown_bryozoa","8M",0,"8","M"
"other_unknown_bryozoa","8U",0,"8","U"
"blood","1L",0,"1","L"
"blood","1M",0,"1","M"
"blood","1U",0,"1","U"
"blood","2L",0,"2","L"
"blood","2M",1,"2","M"
"blood","2U",0,"2","U"
"blood","3L",0,"3","L"
"blood","3M",0,"3","M"
"blood","3U",0,"3","U"
"blood","4L",2,"4","L"
"blood","4M",0,"4","M"
"blood","4U",0,"4","U"
"blood","5L",1,"5","L"
"blood","5M",0,"5","M"
"blood","5U",0,"5","U"
"blood","6L",0,"6","L"
"blood","6M",0,"6","M"
"blood","6U",0,"6","U"
"blood","7L",0,"7","L"
"blood","7M",0,"7","M"
"blood","7U",0,"7","U"
"blood","8L",0,"8","L"
"blood","8M",2,"8","M"
"blood","8U",0,"8","U"
"evasterias","1L",0,"1","L"
"evasterias","1M",0,"1","M"
"evasterias","1U",0,"1","U"
"evasterias","2L",0,"2","L"
"evasterias","2M",0,"2","M"
"evasterias","2U",0,"2","U"
"evasterias","3L",0,"3","L"
"evasterias","3M",0,"3","M"
"evasterias","3U",0,"3","U"
"evasterias","4L",3,"4","L"
"evasterias","4M",1,"4","M"
"evasterias","4U",0,"4","U"
"evasterias","5L",2,"5","L"
"evasterias","5M",0,"5","M"
"evasterias","5U",0,"5","U"
"evasterias","6L",0,"6","L"
"evasterias","6M",0,"6","M"
"evasterias","6U",0,"6","U"
"evasterias","7L",0,"7","L"
"evasterias","7M",0,"7","M"
"evasterias","7U",0,"7","U"
"evasterias","8L",0,"8","L"
"evasterias","8M",0,"8","M"
"evasterias","8U",0,"8","U"
"leather","1L",0,"1","L"
"leather","1M",0,"1","M"
"leather","1U",0,"1","U"
"leather","2L",1,"2","L"
"leather","2M",1,"2","M"
"leather","2U",0,"2","U"
"leather","3L",1,"3","L"
"leather","3M",0,"3","M"
"leather","3U",0,"3","U"
"leather","4L",2,"4","L"
"leather","4M",0,"4","M"
"leather","4U",0,"4","U"
"leather","5L",3,"5","L"
"leather","5M",0,"5","M"
"leather","5U",0,"5","U"
"leather","6L",1,"6","L"
"leather","6M",0,"6","M"
"leather","6U",0,"6","U"
"leather","7L",0,"7","L"
"leather","7M",0,"7","M"
"leather","7U",0,"7","U"
"leather","8L",0,"8","L"
"leather","8M",0,"8","M"
"leather","8U",0,"8","U"
"leptasterias","1L",4,"1","L"
"leptasterias","1M",2,"1","M"
"leptasterias","1U",0,"1","U"
"leptasterias","2L",1,"2","L"
"leptasterias","2M",3,"2","M"
"leptasterias","2U",0,"2","U"
"leptasterias","3L",1,"3","L"
"leptasterias","3M",0,"3","M"
"leptasterias","3U",0,"3","U"
"leptasterias","4L",2,"4","L"
"leptasterias","4M",16,"4","M"
"leptasterias","4U",0,"4","U"
"leptasterias","5L",10,"5","L"
"leptasterias","5M",1,"5","M"
"leptasterias","5U",0,"5","U"
"leptasterias","6L",8,"6","L"
"leptasterias","6M",4,"6","M"
"leptasterias","6U",0,"6","U"
"leptasterias","7L",5,"7","L"
"leptasterias","7M",8,"7","M"
"leptasterias","7U",0,"7","U"
"leptasterias","8L",7,"8","L"
"leptasterias","8M",7,"8","M"
"leptasterias","8U",2,"8","U"
"pisaster","1L",2,"1","L"
"pisaster","1M",0,"1","M"
"pisaster","1U",0,"1","U"
"pisaster","2L",0,"2","L"
"pisaster","2M",0,"2","M"
"pisaster","2U",0,"2","U"
"pisaster","3L",0,"3","L"
"pisaster","3M",1,"3","M"
"pisaster","3U",0,"3","U"
"pisaster","4L",0,"4","L"
"pisaster","4M",0,"4","M"
"pisaster","4U",0,"4","U"
"pisaster","5L",0,"5","L"
"pisaster","5M",0,"5","M"
"pisaster","5U",0,"5","U"
"pisaster","6L",0,"6","L"
"pisaster","6M",0,"6","M"
"pisaster","6U",0,"6","U"
"pisaster","7L",0,"7","L"
"pisaster","7M",0,"7","M"
"pisaster","7U",0,"7","U"
"pisaster","8L",0,"8","L"
"pisaster","8M",0,"8","M"
"pisaster","8U",0,"8","U"
"brittle","1L",0,"1","L"
"brittle","1M",0,"1","M"
"brittle","1U",0,"1","U"
"brittle","2L",1,"2","L"
"brittle","2M",0,"2","M"
"brittle","2U",0,"2","U"
"brittle","3L",0,"3","L"
"brittle","3M",1,"3","M"
"brittle","3U",0,"3","U"
"brittle","4L",1,"4","L"
"brittle","4M",0,"4","M"
"brittle","4U",0,"4","U"
"brittle","5L",15,"5","L"
"brittle","5M",0,"5","M"
"brittle","5U",0,"5","U"
"brittle","6L",2,"6","L"
"brittle","6M",0,"6","M"
"brittle","6U",0,"6","U"
"brittle","7L",3,"7","L"
"brittle","7M",0,"7","M"
"brittle","7U",0,"7","U"
"brittle","8L",4,"8","L"
"brittle","8M",6,"8","M"
"brittle","8U",0,"8","U"
"urchin","1L",21,"1","L"
"urchin","1M",2,"1","M"
"urchin","1U",0,"1","U"
"urchin","2L",0,"2","L"
"urchin","2M",3,"2","M"
"urchin","2U",0,"2","U"
"urchin","3L",0,"3","L"
"urchin","3M",2,"3","M"
"urchin","3U",0,"3","U"
"urchin","4L",2,"4","L"
"urchin","4M",23,"4","M"
"urchin","4U",0,"4","U"
"urchin","5L",0,"5","L"
"urchin","5M",1,"5","M"
"urchin","5U",0,"5","U"
"urchin","6L",9,"6","L"
"urchin","6M",0,"6","M"
"urchin","6U",0,"6","U"
"urchin","7L",0,"7","L"
"urchin","7M",2,"7","M"
"urchin","7U",0,"7","U"
"urchin","8L",0,"8","L"
"urchin","8M",0,"8","M"
"urchin","8U",0,"8","U"
"cucumber","1L",39,"1","L"
"cucumber","1M",10,"1","M"
"cucumber","1U",0,"1","U"
"cucumber","2L",5,"2","L"
"cucumber","2M",9,"2","M"
"cucumber","2U",0,"2","U"
"cucumber","3L",7,"3","L"
"cucumber","3M",2,"3","M"
"cucumber","3U",0,"3","U"
"cucumber","4L",11,"4","L"
"cucumber","4M",0,"4","M"
"cucumber","4U",0,"4","U"
"cucumber","5L",6,"5","L"
"cucumber","5M",0,"5","M"
"cucumber","5U",0,"5","U"
"cucumber","6L",25,"6","L"
"cucumber","6M",1,"6","M"
"cucumber","6U",0,"6","U"
"cucumber","7L",6,"7","L"
"cucumber","7M",3,"7","M"
"cucumber","7U",0,"7","U"
"cucumber","8L",12,"8","L"
"cucumber","8M",15,"8","M"
"cucumber","8U",1,"8","U"
"tunicate","1L",0,"1","L"
"tunicate","1M",0,"1","M"
"tunicate","1U",0,"1","U"
"tunicate","2L",18,"2","L"
"tunicate","2M",1,"2","M"
"tunicate","2U",0,"2","U"
"tunicate","3L",0,"3","L"
"tunicate","3M",0,"3","M"
"tunicate","3U",0,"3","U"
"tunicate","4L",0,"4","L"
"tunicate","4M",0,"4","M"
"tunicate","4U",0,"4","U"
"tunicate","5L",4,"5","L"
"tunicate","5M",0,"5","M"
"tunicate","5U",0,"5","U"
"tunicate","6L",1,"6","L"
"tunicate","6M",0,"6","M"
"tunicate","6U",0,"6","U"
"tunicate","7L",0,"7","L"
"tunicate","7M",0,"7","M"
"tunicate","7U",0,"7","U"
"tunicate","8L",0,"8","L"
"tunicate","8M",0,"8","M"
"tunicate","8U",0,"8","U"
"sea_squirt","1L",2,"1","L"
"sea_squirt","1M",1,"1","M"
"sea_squirt","1U",0,"1","U"
"sea_squirt","2L",6,"2","L"
"sea_squirt","2M",1,"2","M"
"sea_squirt","2U",0,"2","U"
"sea_squirt","3L",1,"3","L"
"sea_squirt","3M",2,"3","M"
"sea_squirt","3U",0,"3","U"
"sea_squirt","4L",7,"4","L"
"sea_squirt","4M",0,"4","M"
"sea_squirt","4U",0,"4","U"
"sea_squirt","5L",4,"5","L"
"sea_squirt","5M",0,"5","M"
"sea_squirt","5U",0,"5","U"
"sea_squirt","6L",2,"6","L"
"sea_squirt","6M",0,"6","M"
"sea_squirt","6U",0,"6","U"
"sea_squirt","7L",3,"7","L"
"sea_squirt","7M",0,"7","M"
"sea_squirt","7U",0,"7","U"
"sea_squirt","8L",3,"8","L"
"sea_squirt","8M",4,"8","M"
"sea_squirt","8U",0,"8","U"
"other_unknown_tunicata","1L",1,"1","L"
"other_unknown_tunicata","1M",0,"1","M"
"other_unknown_tunicata","1U",0,"1","U"
"other_unknown_tunicata","2L",0,"2","L"
"other_unknown_tunicata","2M",0,"2","M"
"other_unknown_tunicata","2U",0,"2","U"
"other_unknown_tunicata","3L",0,"3","L"
"other_unknown_tunicata","3M",0,"3","M"
"other_unknown_tunicata","3U",0,"3","U"
"other_unknown_tunicata","4L",0,"4","L"
"other_unknown_tunicata","4M",0,"4","M"
"other_unknown_tunicata","4U",0,"4","U"
"other_unknown_tunicata","5L",0,"5","L"
"other_unknown_tunicata","5M",0,"5","M"
"other_unknown_tunicata","5U",0,"5","U"
"other_unknown_tunicata","6L",0,"6","L"
"other_unknown_tunicata","6M",0,"6","M"
"other_unknown_tunicata","6U",0,"6","U"
"other_unknown_tunicata","7L",0,"7","L"
"other_unknown_tunicata","7M",0,"7","M"
"other_unknown_tunicata","7U",0,"7","U"
"other_unknown_tunicata","8L",0,"8","L"
"other_unknown_tunicata","8M",0,"8","M"
"other_unknown_tunicata","8U",0,"8","U"
"clingfish","1L",0,"1","L"
"clingfish","1M",0,"1","M"
"clingfish","1U",0,"1","U"
"clingfish","2L",0,"2","L"
"clingfish","2M",0,"2","M"
"clingfish","2U",0,"2","U"
"clingfish","3L",0,"3","L"
"clingfish","3M",0,"3","M"
"clingfish","3U",0,"3","U"
"clingfish","4L",0,"4","L"
"clingfish","4M",0,"4","M"
"clingfish","4U",0,"4","U"
"clingfish","5L",0,"5","L"
"clingfish","5M",0,"5","M"
"clingfish","5U",0,"5","U"
"clingfish","6L",0,"6","L"
"clingfish","6M",0,"6","M"
"clingfish","6U",0,"6","U"
"clingfish","7L",1,"7","L"
"clingfish","7M",0,"7","M"
"clingfish","7U",0,"7","U"
"clingfish","8L",0,"8","L"
"clingfish","8M",0,"8","M"
"clingfish","8U",0,"8","U"
"sculpin","1L",0,"1","L"
"sculpin","1M",0,"1","M"
"sculpin","1U",0,"1","U"
"sculpin","2L",0,"2","L"
"sculpin","2M",0,"2","M"
"sculpin","2U",0,"2","U"
"sculpin","3L",0,"3","L"
"sculpin","3M",0,"3","M"
"sculpin","3U",0,"3","U"
"sculpin","4L",0,"4","L"
"sculpin","4M",3,"4","M"
"sculpin","4U",0,"4","U"
"sculpin","5L",0,"5","L"
"sculpin","5M",0,"5","M"
"sculpin","5U",0,"5","U"
"sculpin","6L",0,"6","L"
"sculpin","6M",0,"6","M"
"sculpin","6U",0,"6","U"
"sculpin","7L",0,"7","L"
"sculpin","7M",0,"7","M"
"sculpin","7U",0,"7","U"
"sculpin","8L",0,"8","L"
"sculpin","8M",0,"8","M"
"sculpin","8U",0,"8","U"
"gunnel","1L",7,"1","L"
"gunnel","1M",2,"1","M"
"gunnel","1U",0,"1","U"
"gunnel","2L",1,"2","L"
"gunnel","2M",0,"2","M"
"gunnel","2U",0,"2","U"
"gunnel","3L",7,"3","L"
"gunnel","3M",0,"3","M"
"gunnel","3U",0,"3","U"
"gunnel","4L",4,"4","L"
"gunnel","4M",0,"4","M"
"gunnel","4U",0,"4","U"
"gunnel","5L",8,"5","L"
"gunnel","5M",0,"5","M"
"gunnel","5U",0,"5","U"
"gunnel","6L",6,"6","L"
"gunnel","6M",0,"6","M"
"gunnel","6U",0,"6","U"
"gunnel","7L",9,"7","L"
"gunnel","7M",8,"7","M"
"gunnel","7U",0,"7","U"
"gunnel","8L",12,"8","L"
"gunnel","8M",3,"8","M"
"gunnel","8U",0,"8","U"
"other_unknown_osteichthyes","1L",0,"1","L"
"other_unknown_osteichthyes","1M",0,"1","M"
"other_unknown_osteichthyes","1U",0,"1","U"
"other_unknown_osteichthyes","2L",0,"2","L"
"other_unknown_osteichthyes","2M",0,"2","M"
"other_unknown_osteichthyes","2U",0,"2","U"
"other_unknown_osteichthyes","3L",0,"3","L"
"other_unknown_osteichthyes","3M",0,"3","M"
"other_unknown_osteichthyes","3U",0,"3","U"
"other_unknown_osteichthyes","4L",1,"4","L"
"other_unknown_osteichthyes","4M",0,"4","M"
"other_unknown_osteichthyes","4U",0,"4","U"
"other_unknown_osteichthyes","5L",0,"5","L"
"other_unknown_osteichthyes","5M",0,"5","M"
"other_unknown_osteichthyes","5U",0,"5","U"
"other_unknown_osteichthyes","6L",0,"6","L"
"other_unknown_osteichthyes","6M",0,"6","M"
"other_unknown_osteichthyes","6U",0,"6","U"
"other_unknown_osteichthyes","7L",0,"7","L"
"other_unknown_osteichthyes","7M",0,"7","M"
"other_unknown_osteichthyes","7U",0,"7","U"
"other_unknown_osteichthyes","8L",0,"8","L"
"other_unknown_osteichthyes","8M",0,"8","M"
"other_unknown_osteichthyes","8U",0,"8","U"
